time_period,new_la_code,la_name,all_progressed,all_pscore
2015,E06000001,Hartlepool,61.92727272727273,4.636363636363637
2015,E06000002,Middlesbrough,63.42727272727273,9.090909090909092
2015,E06000003,Redcar and Cleveland,46.790909090909096,-3.0
2015,E06000004,Stockton-on-Tees,64.19090909090909,1.3636363636363635
2015,E06000005,Darlington,68.85454545454546,4.636363636363637
2015,E06000006,Halton,49.154545454545456,-4.363636363636363
2015,E06000007,Warrington,54.45454545454545,-4.0
2015,E06000008,Blackburn with Darwen,65.60000000000001,7.2727272727272725
2015,E06000009,Blackpool,66.06363636363636,7.2727272727272725
2015,E06000010,"Kingston upon Hull, City of",55.88181818181818,1.0909090909090908
2015,E06000011,East Riding of Yorkshire,56.27272727272727,0.6363636363636364
2015,E06000012,North East Lincolnshire,47.9,-6.2727272727272725
2015,E06000013,North Lincolnshire,48.054545454545455,-9.909090909090908
2015,E06000014,York,54.28181818181818,-3.909090909090909
2015,E06000015,Derby,59.54545454545455,0.8181818181818182
2015,E06000016,Leicester,67.54545454545455,8.363636363636363
2015,E06000017,Rutland,71.475,7.375
2015,E06000018,Nottingham,63.93636363636363,3.1818181818181817
2015,E06000019,"Herefordshire, County of",55.27272727272727,-6.545454545454546
2015,E06000020,Telford and Wrekin,58.06363636363637,-2.8181818181818183
2015,E06000021,Stoke-on-Trent,59.35454545454545,-0.18181818181818182
2015,E06000022,Bath and North East Somerset,54.27272727272727,-4.636363636363637
2015,E06000023,"Bristol, City of",56.83636363636364,-5.636363636363637
2015,E06000024,North Somerset,51.85454545454545,-5.2727272727272725
2015,E06000025,South Gloucestershire,48.28181818181818,-6.818181818181818
2015,E06000026,Plymouth,49.16363636363636,-6.2727272727272725
2015,E06000027,Torbay,52.08181818181818,-6.0
2015,E06000028,Bournemouth,63.525000000000006,-4.375
2015,E06000029,Poole,49.309090909090905,-7.909090909090909
2015,E06000030,Swindon,39.75454545454546,-13.727272727272727
2015,E06000031,Peterborough,51.72727272727273,-3.909090909090909
2015,E06000032,Luton,71.05454545454546,11.545454545454545
2015,E06000033,Southend-on-Sea,49.54545454545455,-7.818181818181818
2015,E06000034,Thurrock,54.190909090909095,-7.909090909090909
2015,E06000035,Medway,47.88181818181818,-8.0
2015,E06000036,Bracknell Forest,45.92727272727273,-10.272727272727273
2015,E06000037,West Berkshire,48.18181818181818,-8.636363636363637
2015,E06000038,Reading,65.3625,-4.5
2015,E06000039,Slough,65.92727272727272,6.363636363636363
2015,E06000040,Windsor and Maidenhead,54.64545454545455,-3.1818181818181817
2015,E06000041,Wokingham,69.0375,0.875
2015,E06000042,Milton Keynes,54.56363636363637,-0.6363636363636364
2015,E06000043,Brighton and Hove,56.972727272727276,-4.636363636363637
2015,E06000044,Portsmouth,42.980000000000004,-10.6
2015,E06000045,Southampton,47.93636363636363,-7.181818181818182
2015,E06000046,Isle of Wight,53.14545454545455,-0.7272727272727273
2015,E06000047,County Durham,50.5,-6.454545454545454
2015,E06000049,Cheshire East,55.92727272727273,-3.5454545454545454
2015,E06000050,Cheshire West and Chester,60.95454545454545,-0.6363636363636364
2015,E06000051,Shropshire,65.88181818181819,1.3636363636363635
2015,E06000052,Cornwall,52.45454545454545,-5.909090909090909
2015,E06000054,Wiltshire,55.07272727272727,-4.636363636363637
2015,E06000055,Bedford,53.472727272727276,-0.7272727272727273
2015,E06000056,Central Bedfordshire,54.845454545454544,-2.6363636363636362
2015,E06000057,Northumberland,48.027272727272724,-6.909090909090909
2015,E08000001,Bolton,63.472727272727276,5.818181818181818
2015,E08000002,Bury,63.56363636363637,8.181818181818182
2015,E08000003,Manchester,70.10000000000001,6.363636363636363
2015,E08000004,Oldham,69.92727272727274,6.545454545454546
2015,E08000005,Rochdale,53.63636363636363,-0.6363636363636364
2015,E08000006,Salford,45.47272727272727,-5.2727272727272725
2015,E08000007,Stockport,59.08181818181818,-5.7272727272727275
2015,E08000008,Tameside,53.83636363636364,-2.5454545454545454
2015,E08000009,Trafford,63.527272727272724,-1.7272727272727273
2015,E08000010,Wigan,62.31818181818182,-0.7272727272727273
2015,E08000011,Knowsley,47.6,-3.090909090909091
2015,E08000012,Liverpool,58.64545454545455,3.1818181818181817
2015,E08000013,St. Helens,60.81818181818182,-0.36363636363636365
2015,E08000014,Sefton,60.345454545454544,1.2727272727272727
2015,E08000015,Wirral,63.527272727272724,-0.9090909090909091
2015,E08000016,Barnsley,54.489999999999995,-0.1
2015,E08000017,Doncaster,47.32727272727273,-6.818181818181818
2015,E08000018,Rotherham,58.70909090909092,-1.8181818181818181
2015,E08000019,Sheffield,62.972727272727276,3.090909090909091
2015,E08000021,Newcastle upon Tyne,54.89090909090908,-0.7272727272727273
2015,E08000022,North Tyneside,61.91818181818182,1.8181818181818181
2015,E08000023,South Tyneside,57.22727272727273,1.0909090909090908
2015,E08000024,Sunderland,59.28181818181818,1.0
2015,E08000025,Birmingham,67.18181818181819,7.545454545454546
2015,E08000026,Coventry,59.709090909090904,5.454545454545454
2015,E08000027,Dudley,66.43636363636364,2.727272727272727
2015,E08000028,Sandwell,59.5,7.545454545454546
2015,E08000029,Solihull,60.809090909090905,1.9090909090909092
2015,E08000030,Walsall,55.7,2.1818181818181817
2015,E08000031,Wolverhampton,55.872727272727275,1.9090909090909092
2015,E08000032,Bradford,63.88181818181818,9.090909090909092
2015,E08000033,Calderdale,55.41818181818182,-1.2727272727272727
2015,E08000034,Kirklees,70.34545454545456,7.090909090909091
2015,E08000035,Leeds,59.07272727272727,0.7272727272727273
2015,E08000036,Wakefield,56.190909090909095,-2.909090909090909
2015,E08000037,Gateshead,53.32727272727273,-4.545454545454546
2015,E09000001,City of London,,
2015,E09000002,Barking and Dagenham,58.6,4.2727272727272725
2015,E09000003,Barnet,77.81818181818181,5.909090909090909
2015,E09000004,Bexley,68.75,-0.75
2015,E09000005,Brent,71.76363636363637,10.454545454545455
2015,E09000006,Bromley,56.654545454545456,-3.1818181818181817
2015,E09000007,Camden,71.98181818181818,12.272727272727273
2015,E09000008,Croydon,62.98181818181818,7.818181818181818
2015,E09000009,Ealing,80.5,14.25
2015,E09000010,Enfield,64.14545454545454,6.454545454545454
2015,E09000011,Greenwich,69.35,9.625
2015,E09000012,Hackney,72.46363636363637,10.636363636363637
2015,E09000013,Hammersmith and Fulham,68.4090909090909,11.545454545454545
2015,E09000014,Haringey,70.33636363636364,14.545454545454545
2015,E09000015,Harrow,82.22727272727273,19.181818181818183
2015,E09000016,Havering,57.85454545454545,-2.909090909090909
2015,E09000017,Hillingdon,64.33636363636364,9.727272727272727
2015,E09000018,Hounslow,67.82727272727273,9.181818181818182
2015,E09000019,Islington,76.425,16.0
2015,E09000020,Kensington and Chelsea,82.53636363636363,15.272727272727273
2015,E09000021,Kingston upon Thames,67.0909090909091,6.454545454545454
2015,E09000022,Lambeth,63.17272727272727,8.363636363636363
2015,E09000023,Lewisham,71.69090909090909,14.0
2015,E09000024,Merton,79.25,11.375
2015,E09000025,Newham,79.52727272727272,17.454545454545453
2015,E09000026,Redbridge,70.41818181818182,9.545454545454545
2015,E09000027,Richmond upon Thames,64.85454545454546,4.090909090909091
2015,E09000028,Southwark,74.625,8.375
2015,E09000029,Sutton,62.627272727272725,0.36363636363636365
2015,E09000030,Tower Hamlets,73.24545454545454,15.181818181818182
2015,E09000031,Waltham Forest,67.24545454545455,11.545454545454545
2015,E09000032,Wandsworth,72.12727272727273,13.272727272727273
2015,E09000033,Westminster,77.7,16.545454545454547
2015,E10000002,Buckinghamshire,64.14545454545454,-0.8181818181818182
2015,E10000003,Cambridgeshire,61.57272727272727,-3.4545454545454546
2015,E10000006,Cumbria,51.90909090909091,-6.363636363636363
2015,E10000007,Derbyshire,56.28181818181818,-3.6363636363636362
2015,E10000008,Devon,52.8,-8.818181818181818
2015,E10000009,Dorset,48.68181818181818,-10.181818181818182
2015,E10000011,East Sussex,45.63636363636363,-11.727272727272727
2015,E10000012,Essex,52.85454545454545,-7.454545454545454
2015,E10000013,Gloucestershire,55.61818181818182,-7.818181818181818
2015,E10000014,Hampshire,58.154545454545456,-4.909090909090909
2015,E10000015,Hertfordshire,61.48181818181818,1.3636363636363635
2015,E10000016,Kent,51.50909090909091,-6.2727272727272725
2015,E10000017,Lancashire,62.99090909090909,-0.36363636363636365
2015,E10000018,Leicestershire,58.73636363636364,-1.8181818181818181
2015,E10000019,Lincolnshire,55.972727272727276,-2.090909090909091
2015,E10000020,Norfolk,49.2,-9.090909090909092
2015,E10000021,Northamptonshire,53.6090909090909,-2.727272727272727
2015,E10000023,North Yorkshire,62.1,-1.6363636363636365
2015,E10000024,Nottinghamshire,56.04545454545455,-1.8181818181818181
2015,E10000025,Oxfordshire,55.99090909090909,-3.909090909090909
2015,E10000027,Somerset,52.1,-8.545454545454545
2015,E10000028,Staffordshire,56.14545454545455,-1.4545454545454546
2015,E10000029,Suffolk,51.0,-4.181818181818182
2015,E10000030,Surrey,60.50909090909091,-3.6363636363636362
2015,E10000031,Warwickshire,57.309090909090905,-4.090909090909091
2015,E10000032,West Sussex,52.42727272727273,-8.636363636363637
2015,E10000034,Worcestershire,59.14545454545455,-2.727272727272727
2016,E06000001,Hartlepool,60.46363636363637,4.181818181818182
2016,E06000002,Middlesbrough,68.28181818181818,11.090909090909092
2016,E06000003,Redcar and Cleveland,66.60000000000001,5.909090909090909
2016,E06000004,Stockton-on-Tees,71.41818181818182,6.2727272727272725
2016,E06000005,Darlington,63.27272727272727,-2.6363636363636362
2016,E06000006,Halton,50.25454545454545,-3.272727272727273
2016,E06000007,Warrington,56.93636363636363,-1.8181818181818181
2016,E06000008,Blackburn with Darwen,68.42727272727274,6.181818181818182
2016,E06000009,Blackpool,66.81818181818181,10.272727272727273
2016,E06000010,"Kingston upon Hull, City of",57.64545454545455,1.2727272727272727
2016,E06000011,East Riding of Yorkshire,55.190909090909095,-1.5454545454545454
2016,E06000012,North East Lincolnshire,48.83636363636364,-8.363636363636363
2016,E06000013,North Lincolnshire,49.472727272727276,-6.636363636363637
2016,E06000014,York,56.345454545454544,-2.909090909090909
2016,E06000015,Derby,60.309090909090905,1.5454545454545454
2016,E06000016,Leicester,68.46363636363637,9.818181818181818
2016,E06000017,Rutland,68.4875,-1.625
2016,E06000018,Nottingham,67.30909090909091,5.2727272727272725
2016,E06000019,"Herefordshire, County of",57.53636363636363,-7.545454545454546
2016,E06000020,Telford and Wrekin,56.95454545454545,-5.636363636363637
2016,E06000021,Stoke-on-Trent,64.39999999999999,4.090909090909091
2016,E06000022,Bath and North East Somerset,53.46363636363637,-6.636363636363637
2016,E06000023,"Bristol, City of",59.872727272727275,-5.818181818181818
2016,E06000024,North Somerset,56.845454545454544,-3.8181818181818183
2016,E06000025,South Gloucestershire,48.77272727272727,-8.090909090909092
2016,E06000026,Plymouth,53.5,-2.090909090909091
2016,E06000027,Torbay,54.40909090909091,-4.909090909090909
2016,E06000028,Bournemouth,66.6375,-2.75
2016,E06000029,Poole,56.17272727272727,-3.0
2016,E06000030,Swindon,44.1,-11.909090909090908
2016,E06000031,Peterborough,54.309090909090905,-1.8181818181818181
2016,E06000032,Luton,70.78181818181818,12.363636363636363
2016,E06000033,Southend-on-Sea,48.972727272727276,-10.272727272727273
2016,E06000034,Thurrock,54.31666666666666,-10.75
2016,E06000035,Medway,50.23636363636364,-6.636363636363637
2016,E06000036,Bracknell Forest,49.74545454545455,-8.181818181818182
2016,E06000037,West Berkshire,48.10909090909092,-9.454545454545455
2016,E06000038,Reading,69.275,1.125
2016,E06000039,Slough,69.48181818181818,5.7272727272727275
2016,E06000040,Windsor and Maidenhead,52.46363636363637,-7.363636363636363
2016,E06000041,Wokingham,68.175,-1.5
2016,E06000042,Milton Keynes,59.6,4.0
2016,E06000043,Brighton and Hove,60.72727272727273,-8.636363636363637
2016,E06000044,Portsmouth,44.2,-13.1
2016,E06000045,Southampton,53.2,-5.363636363636363
2016,E06000046,Isle of Wight,53.63636363636363,0.09090909090909091
2016,E06000047,County Durham,52.0,-5.2727272727272725
2016,E06000049,Cheshire East,56.13636363636363,-4.7272727272727275
2016,E06000050,Cheshire West and Chester,71.45454545454545,-0.09090909090909091
2016,E06000051,Shropshire,57.00909090909091,-6.7272727272727275
2016,E06000052,Cornwall,54.66363636363636,-5.181818181818182
2016,E06000054,Wiltshire,54.09090909090909,-6.545454545454546
2016,E06000055,Bedford,52.39090909090908,-3.727272727272727
2016,E06000056,Central Bedfordshire,52.5,-5.454545454545454
2016,E06000057,Northumberland,50.97272727272727,-4.909090909090909
2016,E08000001,Bolton,60.04545454545455,0.7272727272727273
2016,E08000002,Bury,60.3,4.454545454545454
2016,E08000003,Manchester,72.83636363636364,6.181818181818182
2016,E08000004,Oldham,73.31818181818181,10.727272727272727
2016,E08000005,Rochdale,61.1,0.7272727272727273
2016,E08000006,Salford,51.18181818181818,0.6363636363636364
2016,E08000007,Stockport,61.190909090909095,-5.545454545454546
2016,E08000008,Tameside,54.63636363636363,-5.181818181818182
2016,E08000009,Trafford,69.60000000000001,2.090909090909091
2016,E08000010,Wigan,62.29090909090908,-0.6363636363636364
2016,E08000011,Knowsley,36.04545454545455,-11.454545454545455
2016,E08000012,Liverpool,60.78181818181818,3.3636363636363638
2016,E08000013,St. Helens,60.92727272727273,-0.7272727272727273
2016,E08000014,Sefton,57.9,-0.2727272727272727
2016,E08000015,Wirral,65.52727272727273,0.18181818181818182
2016,E08000016,Barnsley,62.054545454545455,2.090909090909091
2016,E08000017,Doncaster,47.43636363636363,-7.454545454545454
2016,E08000018,Rotherham,59.77272727272727,-2.1818181818181817
2016,E08000019,Sheffield,64.00909090909092,2.909090909090909
2016,E08000021,Newcastle upon Tyne,60.27272727272727,2.909090909090909
2016,E08000022,North Tyneside,72.7,2.375
2016,E08000023,South Tyneside,59.345454545454544,1.4545454545454546
2016,E08000024,Sunderland,63.472727272727276,4.454545454545454
2016,E08000025,Birmingham,69.28181818181818,7.909090909090909
2016,E08000026,Coventry,60.4,3.909090909090909
2016,E08000027,Dudley,65.76363636363637,3.090909090909091
2016,E08000028,Sandwell,61.35454545454545,9.272727272727273
2016,E08000029,Solihull,63.654545454545456,2.1818181818181817
2016,E08000030,Walsall,58.3,3.5454545454545454
2016,E08000031,Wolverhampton,62.67272727272727,7.7272727272727275
2016,E08000032,Bradford,64.10909090909091,9.090909090909092
2016,E08000033,Calderdale,57.66363636363636,0.0
2016,E08000034,Kirklees,67.29090909090908,3.8181818181818183
2016,E08000035,Leeds,61.46363636363637,0.6363636363636364
2016,E08000036,Wakefield,57.89090909090908,-3.5454545454545454
2016,E08000037,Gateshead,56.39090909090908,-2.0
2016,E09000001,City of London,,
2016,E09000002,Barking and Dagenham,55.40909090909091,1.3636363636363635
2016,E09000003,Barnet,78.38181818181819,5.636363636363637
2016,E09000004,Bexley,71.78750000000001,0.25
2016,E09000005,Brent,86.0875,17.75
2016,E09000006,Bromley,56.472727272727276,-4.0
2016,E09000007,Camden,74.12727272727273,11.363636363636363
2016,E09000008,Croydon,65.84545454545454,7.636363636363637
2016,E09000009,Ealing,80.4,14.125
2016,E09000010,Enfield,65.4090909090909,6.090909090909091
2016,E09000011,Greenwich,69.25,9.75
2016,E09000012,Hackney,73.53636363636363,11.818181818181818
2016,E09000013,Hammersmith and Fulham,72.10000000000001,12.363636363636363
2016,E09000014,Haringey,69.2909090909091,12.727272727272727
2016,E09000015,Harrow,84.35454545454546,16.272727272727273
2016,E09000016,Havering,58.790909090909096,-2.272727272727273
2016,E09000017,Hillingdon,66.39999999999999,10.090909090909092
2016,E09000018,Hounslow,67.07272727272726,6.454545454545454
2016,E09000019,Islington,76.275,13.25
2016,E09000020,Kensington and Chelsea,81.50909090909092,13.636363636363637
2016,E09000021,Kingston upon Thames,69.58181818181818,6.363636363636363
2016,E09000022,Lambeth,67.54545454545455,10.363636363636363
2016,E09000023,Lewisham,71.54545454545455,12.818181818181818
2016,E09000024,Merton,76.825,9.75
2016,E09000025,Newham,79.2909090909091,15.636363636363637
2016,E09000026,Redbridge,82.66250000000001,12.875
2016,E09000027,Richmond upon Thames,67.49090909090908,5.2727272727272725
2016,E09000028,Southwark,79.425,10.375
2016,E09000029,Sutton,80.15,4.25
2016,E09000030,Tower Hamlets,72.88181818181819,11.181818181818182
2016,E09000031,Waltham Forest,71.66363636363636,14.181818181818182
2016,E09000032,Wandsworth,77.10000000000001,14.272727272727273
2016,E09000033,Westminster,77.5909090909091,15.0
2016,E10000002,Buckinghamshire,64.00909090909092,-1.6363636363636365
2016,E10000003,Cambridgeshire,67.82727272727273,0.45454545454545453
2016,E10000006,Cumbria,57.08181818181818,-4.545454545454546
2016,E10000007,Derbyshire,57.4,-3.0
2016,E10000008,Devon,54.32727272727273,-9.272727272727273
2016,E10000009,Dorset,49.95454545454545,-10.272727272727273
2016,E10000011,East Sussex,50.93636363636363,-8.727272727272727
2016,E10000012,Essex,55.51818181818182,-7.363636363636363
2016,E10000013,Gloucestershire,57.72727272727273,-6.818181818181818
2016,E10000014,Hampshire,59.76363636363636,-4.7272727272727275
2016,E10000015,Hertfordshire,62.85454545454545,1.0
2016,E10000016,Kent,53.372727272727275,-5.7272727272727275
2016,E10000017,Lancashire,66.60909090909091,1.0909090909090908
2016,E10000018,Leicestershire,59.63636363636363,-1.2727272727272727
2016,E10000019,Lincolnshire,58.58181818181818,-2.1818181818181817
2016,E10000020,Norfolk,50.93636363636363,-9.454545454545455
2016,E10000021,Northamptonshire,56.66363636363637,-1.0909090909090908
2016,E10000023,North Yorkshire,63.29090909090908,-0.6363636363636364
2016,E10000024,Nottinghamshire,56.72727272727273,-5.090909090909091
2016,E10000025,Oxfordshire,55.654545454545456,-4.454545454545454
2016,E10000027,Somerset,55.25454545454545,-7.545454545454546
2016,E10000028,Staffordshire,57.51818181818182,-1.0
2016,E10000029,Suffolk,54.42727272727273,-4.181818181818182
2016,E10000030,Surrey,61.63636363636363,-4.545454545454546
2016,E10000031,Warwickshire,63.14545454545455,-0.6363636363636364
2016,E10000032,West Sussex,54.27272727272727,-8.818181818181818
2016,E10000034,Worcestershire,60.59090909090909,-2.0
2017,E06000001,Hartlepool,67.83636363636364,9.545454545454545
2017,E06000002,Middlesbrough,63.27272727272727,5.363636363636363
2017,E06000003,Redcar and Cleveland,79.10909090909091,11.545454545454545
2017,E06000004,Stockton-on-Tees,80.21249999999999,3.125
2017,E06000005,Darlington,67.91818181818182,-1.5454545454545454
2017,E06000006,Halton,57.77272727272727,-1.9090909090909092
2017,E06000007,Warrington,54.67272727272727,-1.7272727272727273
2017,E06000008,Blackburn with Darwen,72.26363636363637,9.636363636363637
2017,E06000009,Blackpool,63.75454545454545,4.545454545454546
2017,E06000010,"Kingston upon Hull, City of",64.06363636363636,3.5454545454545454
2017,E06000011,East Riding of Yorkshire,57.7,-0.6363636363636364
2017,E06000012,North East Lincolnshire,56.38181818181818,-6.0
2017,E06000013,North Lincolnshire,58.46363636363637,-4.818181818181818
2017,E06000014,York,54.31818181818182,-7.363636363636363
2017,E06000015,Derby,63.38181818181818,0.36363636363636365
2017,E06000016,Leicester,67.89999999999999,11.818181818181818
2017,E06000017,Rutland,90.4125,8.375
2017,E06000018,Nottingham,65.92727272727274,3.5454545454545454
2017,E06000019,"Herefordshire, County of",53.67272727272727,-7.545454545454546
2017,E06000020,Telford and Wrekin,78.1375,2.625
2017,E06000021,Stoke-on-Trent,60.91818181818182,3.8181818181818183
2017,E06000022,Bath and North East Somerset,54.554545454545455,-6.909090909090909
2017,E06000023,"Bristol, City of",62.690909090909095,-4.454545454545454
2017,E06000024,North Somerset,59.08181818181818,-3.727272727272727
2017,E06000025,South Gloucestershire,49.07272727272727,-7.363636363636363
2017,E06000026,Plymouth,56.85454545454545,-1.3636363636363635
2017,E06000027,Torbay,58.25454545454545,-5.2727272727272725
2017,E06000028,Bournemouth,67.5,-4.0
2017,E06000029,Poole,52.85454545454545,-8.272727272727273
2017,E06000030,Swindon,46.00909090909091,-11.272727272727273
2017,E06000031,Peterborough,60.42727272727273,1.0909090909090908
2017,E06000032,Luton,74.03636363636363,10.272727272727273
2017,E06000033,Southend-on-Sea,57.45454545454545,-6.7272727272727275
2017,E06000034,Thurrock,62.5,-7.25
2017,E06000035,Medway,48.10909090909092,-9.818181818181818
2017,E06000036,Bracknell Forest,47.8,-12.090909090909092
2017,E06000037,West Berkshire,50.40909090909091,-12.272727272727273
2017,E06000038,Reading,73.10000000000001,0.25
2017,E06000039,Slough,71.05454545454546,4.636363636363637
2017,E06000040,Windsor and Maidenhead,54.66363636363636,-5.7272727272727275
2017,E06000041,Wokingham,70.61666666666666,-0.75
2017,E06000042,Milton Keynes,59.8,1.6363636363636365
2017,E06000043,Brighton and Hove,64.92727272727274,-4.636363636363637
2017,E06000044,Portsmouth,44.75,-15.6
2017,E06000045,Southampton,53.40909090909091,-5.909090909090909
2017,E06000046,Isle of Wight,57.2,0.7272727272727273
2017,E06000047,County Durham,55.309090909090905,-5.2727272727272725
2017,E06000049,Cheshire East,56.81818181818182,-4.363636363636363
2017,E06000050,Cheshire West and Chester,71.87272727272727,-1.4545454545454546
2017,E06000051,Shropshire,57.78181818181818,-6.363636363636363
2017,E06000052,Cornwall,56.10909090909092,-6.2727272727272725
2017,E06000054,Wiltshire,53.98181818181819,-8.636363636363637
2017,E06000055,Bedford,54.23636363636364,-3.727272727272727
2017,E06000056,Central Bedfordshire,55.43636363636363,-3.6363636363636362
2017,E06000057,Northumberland,52.23636363636364,-7.636363636363637
2017,E08000001,Bolton,70.21818181818182,8.090909090909092
2017,E08000002,Bury,65.95,1.625
2017,E08000003,Manchester,72.25454545454545,4.363636363636363
2017,E08000004,Oldham,65.13636363636364,4.818181818181818
2017,E08000005,Rochdale,58.9,-0.7272727272727273
2017,E08000006,Salford,57.27272727272727,-1.1818181818181819
2017,E08000007,Stockport,67.51818181818182,-3.272727272727273
2017,E08000008,Tameside,60.690909090909095,-4.181818181818182
2017,E08000009,Trafford,82.6375,2.625
2017,E08000010,Wigan,65.98181818181818,-1.6363636363636365
2017,E08000011,Knowsley,46.737500000000004,3.875
2017,E08000012,Liverpool,63.7,4.181818181818182
2017,E08000013,St. Helens,66.33636363636364,2.0
2017,E08000014,Sefton,62.209090909090904,1.0909090909090908
2017,E08000015,Wirral,59.46363636363637,-3.8181818181818183
2017,E08000016,Barnsley,63.127272727272725,-0.9090909090909091
2017,E08000017,Doncaster,67.7125,-0.625
2017,E08000018,Rotherham,60.04545454545455,-2.1818181818181817
2017,E08000019,Sheffield,65.97272727272728,4.363636363636363
2017,E08000021,Newcastle upon Tyne,60.39090909090908,1.7272727272727273
2017,E08000022,North Tyneside,76.2625,3.125
2017,E08000023,South Tyneside,59.00909090909091,-3.1818181818181817
2017,E08000024,Sunderland,66.96363636363637,3.272727272727273
2017,E08000025,Birmingham,71.72727272727273,9.0
2017,E08000026,Coventry,63.127272727272725,5.636363636363637
2017,E08000027,Dudley,69.2090909090909,5.181818181818182
2017,E08000028,Sandwell,65.76363636363637,8.181818181818182
2017,E08000029,Solihull,71.3125,3.125
2017,E08000030,Walsall,60.76363636363636,2.0
2017,E08000031,Wolverhampton,64.2090909090909,5.909090909090909
2017,E08000032,Bradford,65.89090909090909,6.909090909090909
2017,E08000033,Calderdale,55.78181818181818,-3.4545454545454546
2017,E08000034,Kirklees,73.26363636363637,4.7272727272727275
2017,E08000035,Leeds,64.93636363636364,2.3636363636363638
2017,E08000036,Wakefield,57.527272727272724,-1.5454545454545454
2017,E08000037,Gateshead,58.76363636363636,-3.8181818181818183
2017,E09000001,City of London,,
2017,E09000002,Barking and Dagenham,65.78181818181818,7.636363636363637
2017,E09000003,Barnet,82.86363636363636,7.090909090909091
2017,E09000004,Bexley,70.5625,-2.25
2017,E09000005,Brent,83.1625,12.125
2017,E09000006,Bromley,54.53636363636363,-6.7272727272727275
2017,E09000007,Camden,71.22727272727273,9.363636363636363
2017,E09000008,Croydon,63.054545454545455,5.909090909090909
2017,E09000009,Ealing,82.825,12.625
2017,E09000010,Enfield,67.33636363636364,4.7272727272727275
2017,E09000011,Greenwich,69.85,7.5
2017,E09000012,Hackney,76.2090909090909,12.181818181818182
2017,E09000013,Hammersmith and Fulham,69.76363636363637,9.727272727272727
2017,E09000014,Haringey,79.64545454545454,14.363636363636363
2017,E09000015,Harrow,85.2909090909091,15.272727272727273
2017,E09000016,Havering,64.16363636363636,0.18181818181818182
2017,E09000017,Hillingdon,66.82727272727273,9.181818181818182
2017,E09000018,Hounslow,66.46363636363637,5.818181818181818
2017,E09000019,Islington,74.3,8.625
2017,E09000020,Kensington and Chelsea,81.68181818181819,11.090909090909092
2017,E09000021,Kingston upon Thames,66.2909090909091,5.7272727272727275
2017,E09000022,Lambeth,66.66363636363636,6.909090909090909
2017,E09000023,Lewisham,74.7909090909091,11.363636363636363
2017,E09000024,Merton,81.9,9.875
2017,E09000025,Newham,79.39999999999999,13.0
2017,E09000026,Redbridge,85.3375,12.625
2017,E09000027,Richmond upon Thames,67.57272727272726,0.36363636363636365
2017,E09000028,Southwark,79.8875,6.875
2017,E09000029,Sutton,77.5,-0.625
2017,E09000030,Tower Hamlets,78.325,10.0
2017,E09000031,Waltham Forest,73.19090909090909,13.454545454545455
2017,E09000032,Wandsworth,78.10909090909091,13.818181818181818
2017,E09000033,Westminster,78.60909090909091,14.0
2017,E10000002,Buckinghamshire,67.49090909090908,-0.2727272727272727
2017,E10000003,Cambridgeshire,65.81818181818181,-4.0
2017,E10000006,Cumbria,58.78181818181818,-5.363636363636363
2017,E10000007,Derbyshire,59.054545454545455,-5.0
2017,E10000008,Devon,56.690909090909095,-7.909090909090909
2017,E10000009,Dorset,54.381818181818176,-7.909090909090909
2017,E10000011,East Sussex,49.39090909090908,-14.636363636363637
2017,E10000012,Essex,56.59090909090909,-7.909090909090909
2017,E10000013,Gloucestershire,60.41818181818182,-8.363636363636363
2017,E10000014,Hampshire,60.23636363636364,-6.363636363636363
2017,E10000015,Hertfordshire,63.85454545454545,0.5454545454545454
2017,E10000016,Kent,56.93636363636363,-5.636363636363637
2017,E10000017,Lancashire,68.19090909090909,1.1818181818181819
2017,E10000018,Leicestershire,59.6,-2.3636363636363638
2017,E10000019,Lincolnshire,60.527272727272724,-2.0
2017,E10000020,Norfolk,54.67272727272727,-7.7272727272727275
2017,E10000021,Northamptonshire,57.154545454545456,-2.3636363636363638
2017,E10000023,North Yorkshire,64.35454545454546,-1.5454545454545454
2017,E10000024,Nottinghamshire,61.31818181818182,-3.5454545454545454
2017,E10000025,Oxfordshire,58.945454545454545,-3.3636363636363638
2017,E10000027,Somerset,60.11818181818182,-4.454545454545454
2017,E10000028,Staffordshire,59.22727272727273,-0.8181818181818182
2017,E10000029,Suffolk,55.25454545454545,-5.2727272727272725
2017,E10000030,Surrey,63.63636363636363,-3.3636363636363638
2017,E10000031,Warwickshire,62.23636363636364,-2.6363636363636362
2017,E10000032,West Sussex,54.309090909090905,-9.272727272727273
2017,E10000034,Worcestershire,59.290909090909096,-5.363636363636363
2018,E06000001,Hartlepool,61.35454545454545,5.181818181818182
2018,E06000002,Middlesbrough,66.78181818181818,8.818181818181818
2018,E06000003,Redcar and Cleveland,70.125,0.125
2018,E06000004,Stockton-on-Tees,69.9090909090909,6.636363636363637
2018,E06000005,Darlington,70.33636363636364,3.0
2018,E06000006,Halton,56.25454545454545,-0.2727272727272727
2018,E06000007,Warrington,51.209090909090904,-5.0
2018,E06000008,Blackburn with Darwen,69.14545454545454,7.909090909090909
2018,E06000009,Blackpool,64.38181818181819,4.2727272727272725
2018,E06000010,"Kingston upon Hull, City of",62.08181818181818,2.272727272727273
2018,E06000011,East Riding of Yorkshire,56.790909090909096,-2.1818181818181817
2018,E06000012,North East Lincolnshire,58.53636363636363,-2.3636363636363638
2018,E06000013,North Lincolnshire,57.809090909090905,-0.7272727272727273
2018,E06000014,York,53.85454545454545,-8.090909090909092
2018,E06000015,Derby,62.4,-0.7272727272727273
2018,E06000016,Leicester,73.75454545454545,9.818181818181818
2018,E06000017,Rutland,86.2375,6.125
2018,E06000018,Nottingham,63.85454545454545,1.4545454545454546
2018,E06000019,"Herefordshire, County of",56.2,-6.454545454545454
2018,E06000020,Telford and Wrekin,61.16363636363636,-3.3636363636363638
2018,E06000021,Stoke-on-Trent,64.2090909090909,3.3636363636363638
2018,E06000022,Bath and North East Somerset,55.945454545454545,-6.090909090909091
2018,E06000023,"Bristol, City of",63.31818181818182,-5.0
2018,E06000024,North Somerset,57.154545454545456,-6.0
2018,E06000025,South Gloucestershire,50.6,-6.090909090909091
2018,E06000026,Plymouth,51.627272727272725,-7.363636363636363
2018,E06000027,Torbay,59.10909090909092,-6.181818181818182
2018,E06000030,Swindon,52.24545454545455,-9.0
2018,E06000031,Peterborough,59.22727272727273,-0.6363636363636364
2018,E06000032,Luton,77.28181818181818,10.545454545454545
2018,E06000033,Southend-on-Sea,54.60909090909092,-8.181818181818182
2018,E06000034,Thurrock,51.92999999999999,-17.4
2018,E06000035,Medway,57.03636363636363,-6.909090909090909
2018,E06000036,Bracknell Forest,59.5125,-9.625
2018,E06000037,West Berkshire,51.372727272727275,-12.545454545454545
2018,E06000038,Reading,77.4,0.5
2018,E06000039,Slough,72.86363636363636,6.545454545454546
2018,E06000040,Windsor and Maidenhead,52.290909090909096,-8.181818181818182
2018,E06000041,Wokingham,71.2125,-1.875
2018,E06000042,Milton Keynes,60.77272727272727,2.1818181818181817
2018,E06000043,Brighton and Hove,65.80909090909091,-4.454545454545454
2018,E06000044,Portsmouth,50.48181818181819,-9.272727272727273
2018,E06000045,Southampton,47.51818181818182,-10.727272727272727
2018,E06000046,Isle of Wight,54.54545454545455,-2.727272727272727
2018,E06000047,County Durham,55.31818181818182,-5.454545454545454
2018,E06000049,Cheshire East,53.97272727272727,-6.181818181818182
2018,E06000050,Cheshire West and Chester,74.5875,1.375
2018,E06000051,Shropshire,60.04545454545455,-5.454545454545454
2018,E06000052,Cornwall,55.01818181818182,-6.818181818181818
2018,E06000054,Wiltshire,56.56363636363637,-6.545454545454546
2018,E06000055,Bedford,52.46363636363637,-4.909090909090909
2018,E06000056,Central Bedfordshire,51.39090909090908,-8.090909090909092
2018,E06000057,Northumberland,64.2125,-6.0
2018,E06000058,"Bournemouth, Christchurch and Poole",57.35454545454545,-7.181818181818182
2018,E06000059,Dorset,52.154545454545456,-8.727272727272727
2018,E08000001,Bolton,65.92727272727274,4.545454545454546
2018,E08000002,Bury,63.3625,2.875
2018,E08000003,Manchester,74.67272727272727,7.363636363636363
2018,E08000004,Oldham,66.33636363636364,7.090909090909091
2018,E08000005,Rochdale,58.48181818181818,-1.1818181818181819
2018,E08000006,Salford,59.554545454545455,4.181818181818182
2018,E08000007,Stockport,67.08181818181818,-3.727272727272727
2018,E08000008,Tameside,65.71818181818182,1.0
2018,E08000009,Trafford,72.71818181818182,4.0
2018,E08000010,Wigan,60.945454545454545,-3.5454545454545454
2018,E08000011,Knowsley,37.9875,-14.25
2018,E08000012,Liverpool,61.59090909090909,1.1818181818181819
2018,E08000013,St. Helens,61.35454545454545,-2.1818181818181817
2018,E08000014,Sefton,59.9,-3.1818181818181817
2018,E08000015,Wirral,55.32727272727273,-7.0
2018,E08000016,Barnsley,60.63636363636363,-0.45454545454545453
2018,E08000017,Doncaster,72.35,1.625
2018,E08000018,Rotherham,54.90909090909091,-5.7272727272727275
2018,E08000019,Sheffield,67.97272727272728,6.545454545454546
2018,E08000021,Newcastle upon Tyne,62.209090909090904,4.0
2018,E08000022,North Tyneside,73.7125,-0.75
2018,E08000023,South Tyneside,62.17272727272727,-0.45454545454545453
2018,E08000024,Sunderland,66.61818181818181,4.636363636363637
2018,E08000025,Birmingham,70.10000000000001,7.0
2018,E08000026,Coventry,65.25454545454545,6.454545454545454
2018,E08000027,Dudley,67.93636363636364,2.5454545454545454
2018,E08000028,Sandwell,63.85454545454545,6.181818181818182
2018,E08000029,Solihull,59.24545454545455,-0.18181818181818182
2018,E08000030,Walsall,58.21818181818182,0.8181818181818182
2018,E08000031,Wolverhampton,65.11818181818181,4.7272727272727275
2018,E08000032,Bradford,70.82727272727273,9.181818181818182
2018,E08000033,Calderdale,55.03636363636363,-5.545454545454546
2018,E08000034,Kirklees,70.64545454545454,3.5454545454545454
2018,E08000035,Leeds,65.39090909090909,1.9090909090909092
2018,E08000036,Wakefield,57.89090909090908,-1.9090909090909092
2018,E08000037,Gateshead,54.627272727272725,-8.181818181818182
2018,E09000001,City of London,,
2018,E09000002,Barking and Dagenham,61.5,2.4545454545454546
2018,E09000003,Barnet,82.52727272727272,7.181818181818182
2018,E09000004,Bexley,69.8,-4.5
2018,E09000005,Brent,86.975,13.875
2018,E09000006,Bromley,56.08181818181818,-4.545454545454546
2018,E09000007,Camden,74.48181818181818,12.454545454545455
2018,E09000008,Croydon,66.03636363636363,8.636363636363637
2018,E09000009,Ealing,85.45,13.5
2018,E09000010,Enfield,70.45454545454545,7.0
2018,E09000011,Greenwich,72.8625,9.625
2018,E09000012,Hackney,75.19090909090909,10.454545454545455
2018,E09000013,Hammersmith and Fulham,71.7090909090909,11.363636363636363
2018,E09000014,Haringey,78.62727272727273,9.363636363636363
2018,E09000015,Harrow,84.60909090909091,15.090909090909092
2018,E09000016,Havering,78.025,0.875
2018,E09000017,Hillingdon,66.65454545454546,10.454545454545455
2018,E09000018,Hounslow,68.62727272727273,8.181818181818182
2018,E09000019,Islington,80.15,12.375
2018,E09000020,Kensington and Chelsea,80.80909090909091,11.909090909090908
2018,E09000021,Kingston upon Thames,68.19090909090909,7.181818181818182
2018,E09000022,Lambeth,67.41818181818182,6.818181818181818
2018,E09000023,Lewisham,80.9090909090909,15.909090909090908
2018,E09000024,Merton,83.0125,9.375
2018,E09000025,Newham,79.39999999999999,12.636363636363637
2018,E09000026,Redbridge,84.6125,11.375
2018,E09000027,Richmond upon Thames,71.3,7.2727272727272725
2018,E09000028,Southwark,82.375,8.125
2018,E09000029,Sutton,82.6,4.375
2018,E09000030,Tower Hamlets,68.15454545454546,7.7272727272727275
2018,E09000031,Waltham Forest,73.05454545454546,15.363636363636363
2018,E09000032,Wandsworth,76.88181818181819,13.545454545454545
2018,E09000033,Westminster,78.98181818181818,13.363636363636363
2018,E10000002,Buckinghamshire,67.5909090909091,-0.18181818181818182
2018,E10000003,Cambridgeshire,65.58181818181818,-4.0
2018,E10000006,Cumbria,59.72727272727273,-5.181818181818182
2018,E10000007,Derbyshire,61.21818181818182,-3.8181818181818183
2018,E10000008,Devon,57.527272727272724,-7.7272727272727275
2018,E10000011,East Sussex,54.01818181818182,-10.636363636363637
2018,E10000012,Essex,58.66363636363636,-6.636363636363637
2018,E10000013,Gloucestershire,61.60909090909092,-5.7272727272727275
2018,E10000014,Hampshire,62.40909090909091,-3.3636363636363638
2018,E10000015,Hertfordshire,61.50909090909091,0.18181818181818182
2018,E10000016,Kent,56.11818181818182,-6.181818181818182
2018,E10000017,Lancashire,68.94545454545454,1.8181818181818181
2018,E10000018,Leicestershire,61.35454545454545,-1.0
2018,E10000019,Lincolnshire,61.91818181818182,-1.5454545454545454
2018,E10000020,Norfolk,52.709090909090904,-8.545454545454545
2018,E10000021,Northamptonshire,62.38181818181818,0.36363636363636365
2018,E10000023,North Yorkshire,65.75454545454546,-2.4545454545454546
2018,E10000024,Nottinghamshire,61.154545454545456,-5.7272727272727275
2018,E10000025,Oxfordshire,58.91818181818182,-3.727272727272727
2018,E10000027,Somerset,54.7,-9.181818181818182
2018,E10000028,Staffordshire,56.56363636363637,-3.090909090909091
2018,E10000029,Suffolk,52.51818181818182,-6.545454545454546
2018,E10000030,Surrey,63.372727272727275,-4.2727272727272725
2018,E10000031,Warwickshire,65.0909090909091,-1.9090909090909092
2018,E10000032,West Sussex,56.16363636363637,-6.181818181818182
2018,E10000034,Worcestershire,59.02727272727273,-7.0
2019,E06000001,Hartlepool,72.22800000000001,10.68
2019,E06000002,Middlesbrough,70.52413793103449,8.344827586206897
2019,E06000003,Redcar and Cleveland,82.52105263157895,7.421052631578948
2019,E06000004,Stockton-on-Tees,68.12068965517241,-0.3103448275862069
2019,E06000005,Darlington,77.41785714285713,4.428571428571429
2019,E06000006,Halton,70.404,11.76
2019,E06000007,Warrington,61.434482758620696,5.103448275862069
2019,E06000008,Blackburn with Darwen,69.08275862068966,6.9655172413793105
2019,E06000009,Blackpool,67.96666666666667,5.296296296296297
2019,E06000010,"Kingston upon Hull, City of",73.30714285714285,7.642857142857143
2019,E06000011,East Riding of Yorkshire,70.35862068965517,7.379310344827586
2019,E06000012,North East Lincolnshire,63.167857142857144,-2.2142857142857144
2019,E06000013,North Lincolnshire,58.04615384615385,-1.6153846153846154
2019,E06000014,York,67.58620689655173,1.6896551724137931
2019,E06000015,Derby,69.85862068965517,0.06896551724137931
2019,E06000016,Leicester,75.74827586206897,6.896551724137931
2019,E06000017,Rutland,92.36875,8.9375
2019,E06000018,Nottingham,76.66551724137932,8.931034482758621
2019,E06000019,"Herefordshire, County of",62.492592592592594,0.18518518518518517
2019,E06000020,Telford and Wrekin,66.69310344827586,-1.9310344827586208
2019,E06000021,Stoke-on-Trent,71.0,8.172413793103448
2019,E06000022,Bath and North East Somerset,63.54482758620689,-0.6206896551724138
2019,E06000023,"Bristol, City of",72.17586206896551,1.7586206896551724
2019,E06000024,North Somerset,64.13928571428572,-1.7857142857142858
2019,E06000025,South Gloucestershire,57.34285714285714,-0.5357142857142857
2019,E06000026,Plymouth,61.54482758620689,-1.4137931034482758
2019,E06000027,Torbay,60.08275862068966,-8.03448275862069
2019,E06000030,Swindon,61.121428571428574,-4.821428571428571
2019,E06000031,Peterborough,65.45172413793104,4.758620689655173
2019,E06000032,Luton,74.74137931034483,4.896551724137931
2019,E06000033,Southend-on-Sea,62.50344827586206,-1.8275862068965518
2019,E06000034,Thurrock,68.10555555555555,-5.35
2019,E06000035,Medway,66.4793103448276,0.7931034482758621
2019,E06000036,Bracknell Forest,80.635,9.05
2019,E06000037,West Berkshire,63.00769230769231,-4.0
2019,E06000038,Reading,81.985,1.55
2019,E06000039,Slough,79.77241379310345,9.310344827586206
2019,E06000040,Windsor and Maidenhead,68.18214285714285,3.892857142857143
2019,E06000041,Wokingham,77.33500000000001,0.25
2019,E06000042,Milton Keynes,70.26896551724138,10.172413793103448
2019,E06000043,Brighton and Hove,75.45862068965518,1.7241379310344827
2019,E06000044,Portsmouth,63.699999999999996,-1.896551724137931
2019,E06000045,Southampton,57.37931034482759,-3.103448275862069
2019,E06000046,Isle of Wight,59.01111111111111,-0.7777777777777778
2019,E06000047,County Durham,65.01724137931035,-0.6551724137931034
2019,E06000049,Cheshire East,64.2896551724138,3.5172413793103448
2019,E06000050,Cheshire West and Chester,80.55,2.7
2019,E06000051,Shropshire,73.625,3.25
2019,E06000052,Cornwall,59.99285714285714,-4.321428571428571
2019,E06000054,Wiltshire,69.27857142857142,1.8571428571428572
2019,E06000055,Bedford,62.765517241379314,0.06896551724137931
2019,E06000056,Central Bedfordshire,59.710344827586205,0.8275862068965517
2019,E06000057,Northumberland,75.47999999999999,-1.8
2019,E06000058,"Bournemouth, Christchurch and Poole",67.21379310344828,-1.1379310344827587
2019,E06000059,Dorset,64.65555555555555,-3.5555555555555554
2019,E08000001,Bolton,72.0206896551724,7.517241379310345
2019,E08000002,Bury,70.55499999999999,9.3
2019,E08000003,Manchester,76.32068965517242,6.689655172413793
2019,E08000004,Oldham,67.71724137931034,8.793103448275861
2019,E08000005,Rochdale,65.24285714285715,1.9285714285714286
2019,E08000006,Salford,60.29642857142857,5.821428571428571
2019,E08000007,Stockport,78.84642857142856,4.892857142857143
2019,E08000008,Tameside,62.69310344827586,4.586206896551724
2019,E08000009,Trafford,72.76896551724138,4.275862068965517
2019,E08000010,Wigan,66.99642857142858,-1.6785714285714286
2019,E08000011,Knowsley,63.04,12.0
2019,E08000012,Liverpool,73.33103448275861,9.551724137931034
2019,E08000013,St. Helens,65.36428571428571,-0.6428571428571429
2019,E08000014,Sefton,66.77142857142857,1.5714285714285714
2019,E08000015,Wirral,60.73571428571428,-3.0357142857142856
2019,E08000016,Barnsley,65.808,2.76
2019,E08000017,Doncaster,80.76,9.65
2019,E08000018,Rotherham,64.64827586206897,4.379310344827586
2019,E08000019,Sheffield,69.86896551724138,7.586206896551724
2019,E08000021,Newcastle upon Tyne,69.79655172413793,6.724137931034483
2019,E08000022,North Tyneside,84.10499999999999,6.5
2019,E08000023,South Tyneside,77.39999999999999,13.413793103448276
2019,E08000024,Sunderland,67.66785714285714,3.392857142857143
2019,E08000025,Birmingham,75.58275862068966,8.655172413793103
2019,E08000026,Coventry,68.35185185185185,6.777777777777778
2019,E08000027,Dudley,73.03793103448275,6.344827586206897
2019,E08000028,Sandwell,71.96551724137932,7.793103448275862
2019,E08000029,Solihull,68.07241379310345,6.206896551724138
2019,E08000030,Walsall,67.75172413793103,6.344827586206897
2019,E08000031,Wolverhampton,69.24827586206897,7.655172413793103
2019,E08000032,Bradford,72.31724137931033,9.03448275862069
2019,E08000033,Calderdale,69.89999999999999,8.379310344827585
2019,E08000034,Kirklees,72.62413793103448,3.8275862068965516
2019,E08000035,Leeds,74.0758620689655,7.517241379310345
2019,E08000036,Wakefield,70.89655172413794,10.172413793103448
2019,E08000037,Gateshead,59.88620689655173,-4.413793103448276
2019,E09000001,City of London,,
2019,E09000002,Barking and Dagenham,72.89655172413794,10.724137931034482
2019,E09000003,Barnet,87.27241379310345,10.275862068965518
2019,E09000004,Bexley,82.535,6.7
2019,E09000005,Brent,86.24,10.2
2019,E09000006,Bromley,63.61034482758621,-0.7931034482758621
2019,E09000007,Camden,74.66551724137932,9.827586206896552
2019,E09000008,Croydon,70.2896551724138,9.413793103448276
2019,E09000009,Ealing,86.825,9.15
2019,E09000010,Enfield,68.43793103448276,4.517241379310345
2019,E09000011,Greenwich,78.46000000000001,10.85
2019,E09000012,Hackney,75.07931034482759,7.862068965517241
2019,E09000013,Hammersmith and Fulham,76.03448275862068,14.551724137931034
2019,E09000014,Haringey,83.86896551724138,10.551724137931034
2019,E09000015,Harrow,83.04137931034482,12.586206896551724
2019,E09000016,Havering,82.72,2.2
2019,E09000017,Hillingdon,74.01034482758621,12.689655172413794
2019,E09000018,Hounslow,71.03793103448275,9.275862068965518
2019,E09000019,Islington,85.25,8.3
2019,E09000020,Kensington and Chelsea,83.15862068965517,11.344827586206897
2019,E09000021,Kingston upon Thames,71.67931034482758,8.862068965517242
2019,E09000022,Lambeth,67.43448275862069,5.758620689655173
2019,E09000023,Lewisham,84.29310344827586,15.379310344827585
2019,E09000024,Merton,88.45,12.9
2019,E09000025,Newham,77.56206896551724,9.241379310344827
2019,E09000026,Redbridge,87.69500000000001,11.9
2019,E09000027,Richmond upon Thames,75.81724137931033,9.448275862068966
2019,E09000028,Southwark,84.65,6.4
2019,E09000029,Sutton,87.935,5.5
2019,E09000030,Tower Hamlets,68.38275862068966,5.172413793103448
2019,E09000031,Waltham Forest,72.64827586206897,11.310344827586206
2019,E09000032,Wandsworth,79.94827586206897,13.206896551724139
2019,E09000033,Westminster,77.93103448275862,11.89655172413793
2019,E10000002,Buckinghamshire,73.5,4.482758620689655
2019,E10000003,Cambridgeshire,76.19655172413792,2.896551724137931
2019,E10000006,Cumbria,64.63448275862069,-3.586206896551724
2019,E10000007,Derbyshire,71.56896551724138,3.3448275862068964
2019,E10000008,Devon,62.82142857142857,-5.285714285714286
2019,E10000011,East Sussex,62.5103448275862,-1.9310344827586208
2019,E10000012,Essex,69.27931034482758,0.4827586206896552
2019,E10000013,Gloucestershire,71.21379310344827,0.3103448275862069
2019,E10000014,Hampshire,71.55862068965517,1.6551724137931034
2019,E10000015,Hertfordshire,70.2896551724138,5.862068965517241
2019,E10000016,Kent,66.25862068965517,1.7241379310344827
2019,E10000017,Lancashire,73.7344827586207,2.206896551724138
2019,E10000018,Leicestershire,67.93103448275862,1.4137931034482758
2019,E10000019,Lincolnshire,67.82068965517242,0.4482758620689655
2019,E10000020,Norfolk,58.293103448275865,-5.275862068965517
2019,E10000021,Northamptonshire,64.1103448275862,1.4482758620689655
2019,E10000023,North Yorkshire,71.4241379310345,1.0344827586206897
2019,E10000024,Nottinghamshire,67.27241379310345,-1.0344827586206897
2019,E10000025,Oxfordshire,67.1896551724138,2.9655172413793105
2019,E10000027,Somerset,60.334482758620695,-6.551724137931035
2019,E10000028,Staffordshire,68.8551724137931,7.724137931034483
2019,E10000029,Suffolk,61.43793103448276,-1.4482758620689655
2019,E10000030,Surrey,66.12413793103448,1.5517241379310345
2019,E10000031,Warwickshire,67.84482758620689,1.1724137931034482
2019,E10000032,West Sussex,67.07586206896552,-0.7931034482758621
2019,E10000034,Worcestershire,64.37931034482759,1.5517241379310345
2020,E06000001,Hartlepool,73.804,14.0
2020,E06000002,Middlesbrough,74.21379310344827,7.931034482758621
2020,E06000003,Redcar and Cleveland,77.49,1.95
2020,E06000004,Stockton-on-Tees,72.0923076923077,2.5384615384615383
2020,E06000005,Darlington,76.5206896551724,3.1724137931034484
2020,E06000006,Halton,62.292,0.0
2020,E06000007,Warrington,67.67241379310344,7.344827586206897
2020,E06000008,Blackburn with Darwen,71.07931034482759,5.172413793103448
2020,E06000009,Blackpool,62.737037037037034,-2.0
2020,E06000010,"Kingston upon Hull, City of",74.19285714285715,5.285714285714286
2020,E06000011,East Riding of Yorkshire,66.2925925925926,1.1481481481481481
2020,E06000012,North East Lincolnshire,69.78399999999999,3.4
2020,E06000013,North Lincolnshire,64.80384615384615,1.5769230769230769
2020,E06000014,York,70.11724137931034,0.27586206896551724
2020,E06000015,Derby,69.70689655172414,2.0689655172413794
2020,E06000016,Leicester,73.70344827586207,5.310344827586207
2020,E06000017,Rutland,83.4,0.6666666666666666
2020,E06000018,Nottingham,70.84482758620689,4.448275862068965
2020,E06000019,"Herefordshire, County of",59.5,-4.464285714285714
2020,E06000020,Telford and Wrekin,71.51785714285714,0.07142857142857142
2020,E06000021,Stoke-on-Trent,72.28620689655173,10.931034482758621
2020,E06000022,Bath and North East Somerset,74.61071428571428,5.25
2020,E06000023,"Bristol, City of",72.72413793103448,0.6206896551724138
2020,E06000024,North Somerset,69.29310344827586,0.9655172413793104
2020,E06000025,South Gloucestershire,55.04137931034483,-5.241379310344827
2020,E06000026,Plymouth,64.11724137931034,-2.6206896551724137
2020,E06000027,Torbay,66.76428571428572,-4.642857142857143
2020,E06000030,Swindon,66.92758620689655,-0.3103448275862069
2020,E06000031,Peterborough,69.41379310344827,8.03448275862069
2020,E06000032,Luton,74.73928571428571,7.107142857142857
2020,E06000033,Southend-on-Sea,66.22758620689655,-3.0689655172413794
2020,E06000034,Thurrock,80.17999999999999,4.35
2020,E06000035,Medway,65.86551724137931,0.896551724137931
2020,E06000036,Bracknell Forest,79.03,8.75
2020,E06000037,West Berkshire,69.14399999999999,-0.48
2020,E06000038,Reading,82.34,1.95
2020,E06000039,Slough,79.61724137931034,7.379310344827586
2020,E06000040,Windsor and Maidenhead,69.97857142857143,5.0
2020,E06000041,Wokingham,81.44444444444444,4.3
2020,E06000042,Milton Keynes,67.2,2.9310344827586206
2020,E06000043,Brighton and Hove,73.23103448275862,0.3103448275862069
2020,E06000044,Portsmouth,59.31785714285714,-7.928571428571429
2020,E06000045,Southampton,60.00344827586206,-4.448275862068965
2020,E06000046,Isle of Wight,70.0625,8.166666666666666
2020,E06000047,County Durham,65.76206896551724,-2.0344827586206895
2020,E06000049,Cheshire East,69.4793103448276,4.827586206896552
2020,E06000050,Cheshire West and Chester,77.825,-0.1
2020,E06000051,Shropshire,70.43703703703703,1.4444444444444444
2020,E06000052,Cornwall,67.70714285714286,-0.35714285714285715
2020,E06000054,Wiltshire,63.02068965517242,-4.0
2020,E06000055,Bedford,67.06206896551724,4.9655172413793105
2020,E06000056,Central Bedfordshire,62.83103448275862,-0.4482758620689655
2020,E06000057,Northumberland,76.82000000000001,-1.25
2020,E06000058,"Bournemouth, Christchurch and Poole",65.30714285714285,-5.571428571428571
2020,E06000059,Dorset,59.62692307692308,-4.884615384615385
2020,E06000060,Buckinghamshire,71.25454545454545,0.2727272727272727
2020,E06000061,North Northamptonshire,84.02000000000001,6.1
2020,E06000062,West Northamptonshire,67.71724137931034,4.689655172413793
2020,E08000001,Bolton,70.64285714285714,4.642857142857143
2020,E08000002,Bury,73.87,6.6
2020,E08000003,Manchester,81.47241379310344,10.379310344827585
2020,E08000004,Oldham,72.82413793103449,9.413793103448276
2020,E08000005,Rochdale,68.4,5.321428571428571
2020,E08000006,Salford,60.96785714285714,2.3214285714285716
2020,E08000007,Stockport,75.58928571428571,0.4642857142857143
2020,E08000008,Tameside,65.77241379310345,4.344827586206897
2020,E08000009,Trafford,76.65172413793104,5.9655172413793105
2020,E08000010,Wigan,74.98275862068965,3.793103448275862
2020,E08000011,Knowsley,51.833333333333336,-9.833333333333334
2020,E08000012,Liverpool,71.72068965517242,6.482758620689655
2020,E08000013,St. Helens,75.2551724137931,7.517241379310345
2020,E08000014,Sefton,72.67241379310344,6.620689655172414
2020,E08000015,Wirral,70.66666666666667,2.074074074074074
2020,E08000016,Barnsley,66.512,0.84
2020,E08000017,Doncaster,76.36,5.7
2020,E08000018,Rotherham,67.39655172413794,5.896551724137931
2020,E08000019,Sheffield,74.77241379310345,9.96551724137931
2020,E08000021,Newcastle upon Tyne,69.30344827586207,4.827586206896552
2020,E08000022,North Tyneside,79.04444444444444,2.7222222222222223
2020,E08000023,South Tyneside,72.8607142857143,6.607142857142857
2020,E08000024,Sunderland,70.2448275862069,5.0
2020,E08000025,Birmingham,77.53448275862068,8.586206896551724
2020,E08000026,Coventry,75.56896551724138,13.0
2020,E08000027,Dudley,72.99655172413793,4.9655172413793105
2020,E08000028,Sandwell,73.32068965517242,8.379310344827585
2020,E08000029,Solihull,70.83103448275861,7.724137931034483
2020,E08000030,Walsall,65.73448275862069,2.7586206896551726
2020,E08000031,Wolverhampton,70.28571428571429,5.285714285714286
2020,E08000032,Bradford,72.14137931034483,7.689655172413793
2020,E08000033,Calderdale,70.64642857142857,4.964285714285714
2020,E08000034,Kirklees,77.62758620689655,6.172413793103448
2020,E08000035,Leeds,72.7551724137931,4.379310344827586
2020,E08000036,Wakefield,69.51724137931035,5.862068965517241
2020,E08000037,Gateshead,70.71379310344827,4.931034482758621
2020,E09000001,City of London,,
2020,E09000002,Barking and Dagenham,73.71379310344827,10.96551724137931
2020,E09000003,Barnet,83.60689655172413,5.896551724137931
2020,E09000004,Bexley,83.365,5.7
2020,E09000005,Brent,86.045,9.05
2020,E09000006,Bromley,63.8551724137931,-1.9310344827586208
2020,E09000007,Camden,77.42758620689655,10.96551724137931
2020,E09000008,Croydon,70.09310344827587,6.517241379310345
2020,E09000009,Ealing,88.205,11.5
2020,E09000010,Enfield,67.74285714285715,2.4285714285714284
2020,E09000011,Greenwich,80.495,12.95
2020,E09000012,Hackney,79.66896551724139,11.137931034482758
2020,E09000013,Hammersmith and Fulham,73.54827586206896,9.413793103448276
2020,E09000014,Haringey,83.55862068965517,11.10344827586207
2020,E09000015,Harrow,82.33448275862068,11.827586206896552
2020,E09000016,Havering,83.635,3.55
2020,E09000017,Hillingdon,73.25862068965517,10.172413793103448
2020,E09000018,Hounslow,74.47586206896553,11.517241379310345
2020,E09000019,Islington,69.565,2.8
2020,E09000020,Kensington and Chelsea,84.89999999999999,10.551724137931034
2020,E09000021,Kingston upon Thames,75.13793103448276,10.241379310344827
2020,E09000022,Lambeth,69.44827586206897,6.793103448275862
2020,E09000023,Lewisham,83.83793103448276,14.724137931034482
2020,E09000024,Merton,81.705,7.25
2020,E09000025,Newham,77.95862068965518,7.379310344827586
2020,E09000026,Redbridge,86.75,9.9
2020,E09000027,Richmond upon Thames,77.34137931034483,9.275862068965518
2020,E09000028,Southwark,88.15,11.05
2020,E09000029,Sutton,89.72999999999999,7.1
2020,E09000030,Tower Hamlets,70.02413793103449,4.517241379310345
2020,E09000031,Waltham Forest,75.80689655172414,13.482758620689655
2020,E09000032,Wandsworth,81.91379310344827,15.0
2020,E09000033,Westminster,79.01724137931035,11.0
2020,E10000002,Buckinghamshire,79.32222222222222,9.88888888888889
2020,E10000003,Cambridgeshire,76.5,2.793103448275862
2020,E10000006,Cumbria,65.28620689655172,-3.2758620689655173
2020,E10000007,Derbyshire,73.15517241379311,4.896551724137931
2020,E10000008,Devon,68.2,-3.8620689655172415
2020,E10000011,East Sussex,64.38571428571429,-4.535714285714286
2020,E10000012,Essex,71.39310344827587,0.8620689655172413
2020,E10000013,Gloucestershire,72.88275862068966,1.8620689655172413
2020,E10000014,Hampshire,73.87931034482759,2.2413793103448274
2020,E10000015,Hertfordshire,72.46896551724137,6.9655172413793105
2020,E10000016,Kent,67.63793103448276,0.13793103448275862
2020,E10000017,Lancashire,73.41034482758621,0.3793103448275862
2020,E10000018,Leicestershire,70.27931034482758,1.6206896551724137
2020,E10000019,Lincolnshire,73.07241379310345,3.8275862068965516
2020,E10000020,Norfolk,61.03103448275862,-5.448275862068965
2020,E10000023,North Yorkshire,69.98965517241379,-3.0344827586206895
2020,E10000024,Nottinghamshire,69.45862068965518,-1.793103448275862
2020,E10000025,Oxfordshire,65.53793103448275,0.06896551724137931
2020,E10000027,Somerset,65.90357142857142,-0.9285714285714286
2020,E10000028,Staffordshire,68.35172413793103,3.7241379310344827
2020,E10000029,Suffolk,63.09310344827586,-1.4137931034482758
2020,E10000030,Surrey,65.84827586206896,0.6896551724137931
2020,E10000031,Warwickshire,68.49310344827586,0.20689655172413793
2020,E10000032,West Sussex,67.57931034482759,-1.7241379310344827
2020,E10000034,Worcestershire,64.98965517241379,-0.06896551724137931
